{
    "low freq": 281.25,
    "high freq": 562.5,
    "low damp": 0.000174437,
    "high damp": 0.000193436
}